,NOT,HOF
0,0.5521594062447548,0.4478405974805355
1,0.44782040640711784,0.5521796196699142
2,0.4326320067048073,0.5673679932951927
3,0.5751638412475586,0.4248361736536026
4,0.43954161554574966,0.5604583919048309
5,0.5779173076152802,0.42208271101117134
6,0.44288574904203415,0.5571142584085464
7,0.588360071182251,0.41163994185626507
8,0.5134089291095734,0.48659107834100723
9,0.47095755860209465,0.5290424451231956
10,0.3576221615076065,0.6423778384923935
11,0.3771529011428356,0.6228471025824547
12,0.597053274512291,0.4029467236250639
13,0.5981980934739113,0.4018019065260887
14,0.47169122844934464,0.5283087715506554
15,0.38423359580338,0.6157664135098457
16,0.5436233058571815,0.45637669786810875
17,0.6291389092803001,0.37086109817028046
18,0.5436902642250061,0.4563097469508648
19,0.5998130068182945,0.4001870024949312
20,0.43116797134280205,0.5688320323824883
21,0.34029604587703943,0.6597039625048637
22,0.48129745572805405,0.5187025479972363
23,0.6235712245106697,0.3764287866652012
24,0.569544143974781,0.43045586347579956
25,0.4299478083848953,0.5700521990656853
26,0.5717273056507111,0.428272707387805
27,0.4456101581454277,0.554389838129282
28,0.5310396663844585,0.46896033734083176
29,0.6135747283697128,0.3864252734929323
30,0.46172863245010376,0.5382713675498962
31,0.32581621315330267,0.674183800816536
32,0.5263751670718193,0.473624836653471
33,0.3622923865914345,0.6377076134085655
34,0.6094546541571617,0.3905453495681286
35,0.5833079889416695,0.41669202968478203
36,0.5766491144895554,0.4233508910983801
37,0.5952900648117065,0.4047099445015192
38,0.5896845981478691,0.4103154167532921
39,0.5503479987382889,0.4496520012617111
40,0.6783950924873352,0.321604911936447
41,0.4898197464644909,0.5101802721619606
42,0.5931579023599625,0.4068421069532633
43,0.4249508026987314,0.5750492289662361
44,0.5364118404686451,0.4635881781578064
45,0.48312975093722343,0.5168702602386475
46,0.6011257171630859,0.3988742884248495
47,0.5291260778903961,0.4708739444613457
48,0.43342145532369614,0.5665785446763039
49,0.4653315916657448,0.5346684195101261
50,0.4423144720494747,0.557685524225235
51,0.5392120257019997,0.46078798919916153
52,0.5677836984395981,0.4322162978351116
53,0.4201825372874737,0.5798174664378166
54,0.6220605447888374,0.37793946266174316
55,0.3373395334929228,0.6626604646444321
56,0.6435946822166443,0.35640532430261374
57,0.46110574901103973,0.5388942621648312
58,0.571063905954361,0.42893610522150993
59,0.3660506419837475,0.633949376642704
60,0.48285557702183723,0.517144437879324
61,0.36365346796810627,0.6363465338945389
62,0.44952908530831337,0.5504709221422672
63,0.4371780641376972,0.5628219470381737
64,0.5779228955507278,0.4220771174877882
65,0.567311130464077,0.43268887512385845
66,0.4151503313332796,0.5848497003316879
67,0.46863996610045433,0.5313600450754166
68,0.5891538560390472,0.4108461420983076
69,0.5208359397947788,0.47916407510638237
70,0.49699336290359497,0.5030066482722759
71,0.6147054210305214,0.38529459945857525
72,0.5939352065324783,0.40606478974223137
73,0.42648171447217464,0.5735182836651802
74,0.5418164096772671,0.4581835865974426
75,0.5934819504618645,0.4065180476754904
76,0.4204533826559782,0.5795466229319572
77,0.5889769569039345,0.4110230430960655
78,0.4340296909213066,0.565970316529274
79,0.41328543052077293,0.5867145732045174
80,0.4688454121351242,0.531154602766037
81,0.42653242871165276,0.5734675750136375
82,0.3989832606166601,0.6010167375206947
83,0.5545108951628208,0.4454891160130501
84,0.5857811942696571,0.4142188150435686
85,0.4518362544476986,0.5481637418270111
86,0.5761778280138969,0.42382217943668365
87,0.4386967904865742,0.5613032355904579
88,0.620960108935833,0.37903989292681217
89,0.5935816466808319,0.4064183570444584
90,0.5600127205252647,0.43998729437589645
91,0.597637303173542,0.4023627024143934
92,0.6066495925188065,0.3933504167944193
93,0.4251186456531286,0.5748813673853874
94,0.5418698042631149,0.45813019946217537
95,0.6141570806503296,0.3858429342508316
96,0.3572558667510748,0.6427441462874413
97,0.5860213339328766,0.4139786697924137
98,0.4609754607081413,0.5390245467424393
99,0.4885857030749321,0.5114143043756485
100,0.5848075747489929,0.4151924327015877
101,0.3066986589692533,0.6933013498783112
102,0.5873699560761452,0.41263004019856453
103,0.4042774960398674,0.5957225114107132
104,0.5783171132206917,0.4216828905045986
105,0.5560225248336792,0.4439774788916111
106,0.4989088140428066,0.5010911859571934
107,0.3721994496881962,0.6278005614876747
108,0.5613143444061279,0.43868565186858177
109,0.5560201704502106,0.44397983700037
110,0.33932402916252613,0.6606759652495384
111,0.5392116717994213,0.4607883468270302
112,0.6360222920775414,0.3639777097851038
113,0.5873614996671677,0.4126385170966387
114,0.42909324541687965,0.5709067732095718
115,0.5842190608382225,0.41578095220029354
116,0.49455203115940094,0.5054479725658894
117,0.36580112762749195,0.6341988891363144
118,0.3175778826698661,0.6824221387505531
119,0.3322611846961081,0.6677388250827789
120,0.6067203655838966,0.39327963814139366
121,0.5019919089972973,0.498008094727993
122,0.5242068208754063,0.47579319402575493
123,0.48727797344326973,0.5127220302820206
124,0.5291260741651058,0.47087394818663597
125,0.5967138260602951,0.4032861813902855
126,0.4276033639907837,0.5723966360092163
127,0.42993054911494255,0.5700694546103477
128,0.583218939602375,0.41678106412291527
129,0.5369772613048553,0.46302273124456406
130,0.5755369812250137,0.4244630392640829
131,0.4073764830827713,0.5926235318183899
132,0.5072633400559425,0.49273665621876717
133,0.5519678369164467,0.4480321854352951
134,0.5383711196482182,0.46162889152765274
135,0.5402282997965813,0.4597717113792896
136,0.5626108795404434,0.4373891204595566
137,0.5995331257581711,0.4004668816924095
138,0.47375864535570145,0.52624137327075
139,0.5885429605841637,0.41145704686641693
140,0.5907643288373947,0.4092356786131859
141,0.46316711977124214,0.536832895129919
142,0.3554892586544156,0.6445107460021973
143,0.4783491715788841,0.5216508395969868
144,0.4930736906826496,0.506926316767931
145,0.518589623272419,0.4814103730022907
146,0.3595703085884452,0.6404297053813934
147,0.6079497188329697,0.3920502942055464
148,0.6210688799619675,0.3789311312139034
149,0.5796856060624123,0.4203143883496523
150,0.5306055136024952,0.4693945124745369
151,0.5855826213955879,0.4144173879176378
152,0.5463542528450489,0.453645758330822
153,0.47182299941778183,0.5281770043075085
154,0.47346916794776917,0.5265308544039726
155,0.4299617111682892,0.570038303732872
156,0.46715663000941277,0.5328433737158775
157,0.5819947645068169,0.4180052410811186
158,0.5671050250530243,0.4328949935734272
159,0.5188002772629261,0.4811997190117836
160,0.4155829716473818,0.5844170451164246
161,0.4186081066727638,0.5813919007778168
162,0.6001814231276512,0.3998185805976391
163,0.4846055544912815,0.5153944492340088
164,0.4769950471818447,0.5230049528181553
165,0.6236763298511505,0.37632367946207523
166,0.5882829800248146,0.4117170423269272
167,0.5214706435799599,0.4785293638706207
168,0.37875720486044884,0.6212427988648415
169,0.5917226374149323,0.4082773756235838
170,0.6152168959379196,0.38478311337530613
171,0.40168958343565464,0.5983104333281517
172,0.41379028744995594,0.5862097144126892
173,0.5217800512909889,0.478219959884882
174,0.4845373183488846,0.5154626928269863
175,0.519937951117754,0.4800620563328266
176,0.5379730388522148,0.4620269909501076
177,0.4475209303200245,0.552479088306427
178,0.4245567750185728,0.5754432454705238
179,0.4263077061623335,0.5736923068761826
180,0.3681584903970361,0.6318415030837059
181,0.5430189743638039,0.4569810479879379
182,0.4835645668208599,0.516435444355011
183,0.30030584451014875,0.6996941789984703
184,0.3500541877001524,0.6499458327889442
185,0.5317528173327446,0.468247190117836
186,0.5894788727164268,0.4105211403220892
187,0.5921774581074715,0.4078225437551737
188,0.3789382539689541,0.621061772108078
189,0.6150757223367691,0.3849242925643921
190,0.6011551693081856,0.3988448530435562
191,0.4286401979625225,0.5713598132133484
192,0.5983438119292259,0.40165621042251587
193,0.33220628276467323,0.6677937135100365
194,0.4861334003508091,0.5138666033744812
195,0.4576215222477913,0.5423784777522087
196,0.4668717198073864,0.5331283025443554
197,0.4560330659151077,0.5439669415354729
198,0.5905599519610405,0.40944004990160465
199,0.4871685840189457,0.5128314271569252
200,0.5761797428131104,0.42382024973630905
201,0.44776685535907745,0.5522331520915031
202,0.5678080320358276,0.43219197168946266
203,0.6067844703793526,0.3932155445218086
204,0.5836701616644859,0.41632985696196556
205,0.4499431662261486,0.5500568374991417
206,0.514788243919611,0.4852117709815502
207,0.3818309959024191,0.6181690096855164
208,0.31097796093672514,0.6890220418572426
209,0.6037704646587372,0.3962295427918434
210,0.5841001495718956,0.41589985601603985
211,0.6180529668927193,0.38194704055786133
212,0.5813234969973564,0.4186764992773533
213,0.5913600325584412,0.40863998979330063
214,0.4601483643054962,0.539851650595665
215,0.6100539863109589,0.38994601368904114
216,0.574921578168869,0.4250784311443567
217,0.49978339672088623,0.5002166107296944
218,0.5451968684792519,0.45480314642190933
219,0.5854902192950249,0.4145097937434912
220,0.3812860008329153,0.6187139973044395
221,0.5664053559303284,0.43359464406967163
222,0.48213616013526917,0.5178638435900211
223,0.46853984519839287,0.5314601697027683
224,0.44255826622247696,0.5574417486786842
225,0.5330435186624527,0.4669564850628376
226,0.4409256987273693,0.5590742900967598
227,0.5233632922172546,0.47663671523332596
228,0.4976399764418602,0.5023600161075592
229,0.5459690168499947,0.45403099432587624
230,0.6267131865024567,0.37328682467341423
231,0.555350124835968,0.4446498975157738
232,0.4078407660126686,0.5921592563390732
233,0.3883776180446148,0.6116223856806755
234,0.3227289575152099,0.6772710531949997
235,0.47098324447870255,0.5290167704224586
236,0.31679520662873983,0.6832047998905182
237,0.4052305147051811,0.5947694927453995
238,0.6502383425831795,0.34976167045533657
239,0.5176333449780941,0.4823666550219059
240,0.4738687425851822,0.5261312685906887
241,0.4692940153181553,0.5307059921324253
242,0.6180303245782852,0.3819696884602308
243,0.38643100298941135,0.613569013774395
244,0.4739430248737335,0.5260569788515568
245,0.5824775472283363,0.41752246394753456
246,0.5273271650075912,0.47267284244298935
247,0.525771226733923,0.47422877326607704
248,0.5321232378482819,0.46787675842642784
249,0.6150583401322365,0.3849416561424732
250,0.5889261662960052,0.41107384487986565
251,0.6006762310862541,0.3993237782269716
252,0.3236839943565428,0.6763160228729248
253,0.4589963033795357,0.5410037152469158
254,0.43835514411330223,0.5616448596119881
255,0.4468393214046955,0.5531606860458851
256,0.4321225695312023,0.5678774416446686
257,0.6516864448785782,0.3483135672286153
258,0.509301844984293,0.4906981587409973
259,0.41716241650283337,0.5828376039862633
260,0.42670547030866146,0.5732945427298546
261,0.5356327518820763,0.46436725556850433
262,0.35882374458014965,0.641176275908947
263,0.45533287525177,0.5446671210229397
264,0.47685297206044197,0.5231470465660095
265,0.3235554057173431,0.6764446124434471
266,0.3185315327718854,0.6814684718847275
267,0.39972841553390026,0.6002715975046158
268,0.3092928873375058,0.6907071322202682
269,0.5823157727718353,0.4176842328161001
270,0.6005512773990631,0.39944874681532383
271,0.4763408787548542,0.523659136146307
272,0.5924027040600777,0.4075972903519869
273,0.41642383672297,0.5835761576890945
274,0.5901002436876297,0.4098997563123703
275,0.35937037970870733,0.6406296417117119
276,0.5978561192750931,0.4021438732743263
277,0.6342291906476021,0.36577083822339773
278,0.5290022566914558,0.47099775448441505
279,0.5428490154445171,0.45715099573135376
280,0.5628967359662056,0.437103271484375
281,0.5847450941801071,0.4152549132704735
282,0.5380187183618546,0.46198127418756485
283,0.5939174592494965,0.40608255937695503
284,0.5825697258114815,0.41743028722703457
285,0.3111367679666728,0.6888632476329803
286,0.5429406575858593,0.4570593535900116
287,0.5894173011183739,0.4105827081948519
288,0.44480959698557854,0.5551904067397118
289,0.5806945711374283,0.41930544190108776
290,0.6055958047509193,0.3944041971117258
291,0.5441067181527615,0.45589328929781914
292,0.44899776205420494,0.5510022453963757
293,0.5398353971540928,0.4601645991206169
294,0.5774915441870689,0.42250845953822136
295,0.6001515835523605,0.39984843134880066
296,0.5501435846090317,0.4498564228415489
297,0.4923775754868984,0.5076224394142628
298,0.3026674183201976,0.6973325908184052
299,0.5491611696779728,0.4508388340473175
300,0.5515683740377426,0.4484316296875477
301,0.5452795848250389,0.4547204300761223
302,0.5692682415246964,0.43073174729943275
303,0.5609780475497246,0.4390219487249851
304,0.53957299888134,0.4604269973933697
305,0.6058832406997681,0.39411677047610283
306,0.4976930469274521,0.5023069605231285
307,0.5753876119852066,0.4246123991906643
308,0.5228593721985817,0.477140624076128
309,0.5893258601427078,0.4106741491705179
310,0.6055887341499329,0.39441125839948654
311,0.4639955945312977,0.5360044240951538
312,0.5568804889917374,0.44311950355768204
313,0.5092611014842987,0.4907389134168625
314,0.4225497003644705,0.5774502977728844
315,0.4235230255872011,0.576476976275444
316,0.6147542968392372,0.3852457217872143
317,0.37731141597032547,0.6226885914802551
318,0.5160319581627846,0.4839680530130863
319,0.43473583832383156,0.5652641803026199
320,0.3796640392392874,0.6203359737992287
321,0.5005803443491459,0.4994196631014347
322,0.6007215902209282,0.39927842654287815
323,0.5944446995854378,0.40555531717836857
324,0.5821490660309792,0.41785094141960144
325,0.35328557528555393,0.6467144265770912
326,0.5554814636707306,0.4445185475051403
327,0.5144040659070015,0.48559595271945
328,0.426322054117918,0.5736779719591141
329,0.5882596597075462,0.41174034774303436
330,0.4809211380779743,0.519078865647316
331,0.502593170851469,0.49740683659911156
332,0.617968276143074,0.38203174248337746
333,0.6279270350933075,0.3720729872584343
334,0.6331723630428314,0.3668276472017169
335,0.4090275838971138,0.590972438454628
336,0.357719786465168,0.6422802284359932
337,0.5461284779012203,0.4538715295493603
338,0.4244038611650467,0.5755961537361145
339,0.4740426354110241,0.5259573683142662
340,0.5818757936358452,0.4181242138147354
341,0.4319583587348461,0.5680416598916054
342,0.5946170464158058,0.4053829684853554
343,0.5621347278356552,0.437865287065506
344,0.5726345479488373,0.427365455776453
345,0.42468185909092426,0.5753181502223015
346,0.6151428446173668,0.3848571702837944
347,0.5693990886211395,0.43060094490647316
348,0.6431265324354172,0.35687348805367947
349,0.4278526194393635,0.5721473917365074
350,0.4949621483683586,0.5050378553569317
351,0.5517087392508984,0.44829127565026283
352,0.3926715459674597,0.6073284670710564
353,0.4421248659491539,0.5578751489520073
354,0.42603661492466927,0.5739633962512016
355,0.5869549661874771,0.4130450300872326
356,0.5923359915614128,0.4076640196144581
357,0.466573853045702,0.5334261655807495
358,0.42922734655439854,0.5707726553082466
359,0.6171429753303528,0.38285702653229237
360,0.5557058602571487,0.44429414719343185
361,0.5207005478441715,0.4792994558811188
362,0.5729478597640991,0.4270521514117718
363,0.5644310265779495,0.43556899204850197
364,0.302077666769037,0.6979223415255547
365,0.5771440342068672,0.4228559732437134
366,0.5698451176285744,0.4301548898220062
367,0.41761633940041065,0.5823836550116539
368,0.31654681265354156,0.6834532022476196
369,0.4889996349811554,0.5110003761947155
370,0.5967884734272957,0.4032115489244461
371,0.5755732133984566,0.42442680709064007
372,0.4812030903995037,0.5187969207763672
373,0.4257816933095455,0.5742183178663254
374,0.5747080817818642,0.42529192939400673
375,0.55488720536232,0.44511281698942184
376,0.45127924531698227,0.5487207621335983
377,0.4216060508042574,0.5783939734101295
378,0.522893525660038,0.4771064780652523
379,0.41000490821897984,0.5899950936436653
380,0.48319100216031075,0.5168090052902699
381,0.5062961094081402,0.4937038980424404
382,0.5689728707075119,0.4310271330177784
383,0.6949037909507751,0.30509622808312997
384,0.5786213129758835,0.4213786944746971
385,0.6029962375760078,0.3970037717372179
386,0.5729255005717278,0.42707449942827225
387,0.40377033315598965,0.5962296798825264
388,0.5690417140722275,0.4309582971036434
389,0.47196202725172043,0.5280379764735699
390,0.5893258601427078,0.4106741491705179
391,0.32729647494852543,0.6727035269141197
392,0.5852481871843338,0.41475182212889194
393,0.534999419003725,0.46500059217214584
394,0.478173453360796,0.5218265540897846
395,0.3558001248165965,0.6441998854279518
396,0.5855645090341568,0.41443548910319805
397,0.5822264179587364,0.41777358390390873
398,0.5634061843156815,0.43659381568431854
399,0.3077854128787294,0.6922145932912827
400,0.5818936228752136,0.4181063901633024
401,0.5947030112147331,0.40529699996113777
402,0.6095388233661652,0.3904611896723509
403,0.6341522857546806,0.3658477310091257
404,0.5556484237313271,0.44435157999396324
405,0.5709668397903442,0.42903317511081696
406,0.5544390231370926,0.4455609880387783
407,0.5926958918571472,0.40730411373078823
408,0.5881908982992172,0.4118091035634279
409,0.49949485436081886,0.5005051381886005
410,0.5831100344657898,0.4168899804353714
411,0.4303259812295437,0.5696740299463272
412,0.41715460270643234,0.5828453898429871
413,0.42946943268179893,0.570530578494072
414,0.5583404824137688,0.44165952131152153
415,0.4687644690275192,0.5312355421483517
416,0.6164448708295822,0.38355514220893383
417,0.3882626313716173,0.6117373704910278
418,0.5444706715643406,0.45552933588624
419,0.4703507199883461,0.5296492986381054
420,0.45103558897972107,0.5489644147455692
421,0.6181553974747658,0.3818446062505245
422,0.6080330386757851,0.3919669892638922
423,0.4785310849547386,0.5214689373970032
424,0.4108536560088396,0.5891463458538055
425,0.5501268021762371,0.4498732015490532
426,0.47454557195305824,0.5254544354975224
427,0.5791944116353989,0.4208055902272463
428,0.462130356580019,0.5378696620464325
429,0.4950912818312645,0.5049087256193161
430,0.5782816484570503,0.4217183608561754
431,0.6299114301800728,0.3700885847210884
432,0.49913449585437775,0.5008655153214931
433,0.37169088050723076,0.6283091306686401
434,0.46467700228095055,0.5353230088949203
435,0.4877585098147392,0.5122414976358414
436,0.6697762906551361,0.3302237093448639
437,0.6093098372220993,0.39069017209112644
438,0.5711531192064285,0.42884688451886177
439,0.5797091200947762,0.4202909003943205
440,0.48360631987452507,0.5163936838507652
441,0.35311037953943014,0.6468896269798279
442,0.5467320680618286,0.4532679244875908
443,0.4716840200126171,0.5283159837126732
444,0.5682876706123352,0.4317123517394066
445,0.5919865965843201,0.4080134052783251
446,0.4158256761729717,0.5841743499040604
447,0.3610253091901541,0.6389746963977814
448,0.49498019739985466,0.5050198137760162
449,0.46004125103354454,0.5399587526917458
450,0.3914470970630646,0.608552910387516
451,0.5401579290628433,0.45984208583831787
452,0.49854178354144096,0.5014582425355911
453,0.47017788514494896,0.5298221260309219
454,0.4466928131878376,0.5533071979880333
455,0.6237065494060516,0.3762934599071741
456,0.6160573959350586,0.3839426236227155
457,0.5349393039941788,0.4650607109069824
458,0.3188277492299676,0.6811722591519356
459,0.5412047952413559,0.4587952122092247
460,0.6077803000807762,0.392219714820385
461,0.48642219603061676,0.5135778039693832
462,0.46663425862789154,0.5333657488226891
463,0.5817636325955391,0.4182363785803318
464,0.6191149577498436,0.380885049700737
465,0.4742087572813034,0.5257912427186966
466,0.4317660555243492,0.568233959376812
467,0.4214475750923157,0.5785524249076843
468,0.6374036744236946,0.362596339546144
469,0.5807284042239189,0.4192716032266617
470,0.41426192224025726,0.5857380777597427
471,0.5490382090210915,0.45096180960536003
472,0.4238700568675995,0.5761299505829811
473,0.5583517178893089,0.44164830073714256
474,0.3669065088033676,0.633093498647213
475,0.5712274312973022,0.42877258360385895
476,0.47109517827630043,0.5289048254489899
477,0.4788891114294529,0.5211108848452568
478,0.5399018488824368,0.46009815484285355
479,0.3841939065605402,0.615806095302105
480,0.44180289283394814,0.5581971108913422
481,0.5100430957973003,0.48995692282915115
482,0.5370946824550629,0.46290532872080803
483,0.5570247694849968,0.4429752342402935
484,0.5906966179609299,0.4093033988028765
485,0.4233060199767351,0.5766939893364906
486,0.5681728050112724,0.43182720988988876
487,0.3191302353516221,0.6808697730302811
488,0.46570563316345215,0.5342943705618382
489,0.4582180716097355,0.5417819395661354
490,0.5746209695935249,0.42537904158234596
491,0.47721992433071136,0.5227800942957401
492,0.3724487964063883,0.6275512129068375
493,0.586964376270771,0.413035636767745
494,0.5860811322927475,0.41391886584460735
495,0.46140769869089127,0.5385923124849796
496,0.3470307681709528,0.652969241142273
497,0.6611120030283928,0.33888797741383314
498,0.4173112940043211,0.5826887339353561
499,0.4390699565410614,0.5609300509095192
500,0.47360720857977867,0.5263928025960922
501,0.3096810099668801,0.6903189942240715
502,0.541003655642271,0.45899634435772896
503,0.5045354217290878,0.49546458199620247
504,0.44057993590831757,0.5594200566411018
505,0.43613506108522415,0.5638649463653564
506,0.33294316846877337,0.6670568436384201
507,0.38624721951782703,0.6137527897953987
508,0.46600088849663734,0.5339991226792336
509,0.603904090821743,0.39609591104090214
510,0.6027354970574379,0.39726450853049755
511,0.6306420564651489,0.36935796961188316
512,0.42990561947226524,0.5700943991541862
513,0.5845413282513618,0.41545869410037994
514,0.4638354927301407,0.5361645147204399
515,0.5749723687767982,0.42502763867378235
516,0.5851607397198677,0.41483926586806774
517,0.30386397399706766,0.6961360350251198
518,0.6151695623993874,0.3848304580897093
519,0.4772677533328533,0.522732250392437
520,0.4718632325530052,0.5281367637217045
521,0.4867161884903908,0.5132838226854801
522,0.6200952753424644,0.3799047339707613
523,0.5320266634225845,0.46797334030270576
524,0.6019695103168488,0.3980305064469576
525,0.5910613909363747,0.4089386258274317
526,0.4726788364350796,0.5273211635649204
527,0.45615416392683983,0.5438458435237408
528,0.49481724575161934,0.5051827616989613
529,0.47101905196905136,0.5289809517562389
530,0.3610091907903552,0.6389908269047737
531,0.48587536811828613,0.5141246356070042
532,0.5723151415586472,0.42768485844135284
533,0.44303398206830025,0.55696602165699
534,0.40960924327373505,0.5903907790780067
535,0.457816906273365,0.5421831049025059
536,0.5761812552809715,0.4238187614828348
537,0.4131887424737215,0.5868112593889236
538,0.3497132258489728,0.6502867862582207
539,0.5324813947081566,0.4675186015665531
540,0.5570795275270939,0.4429204910993576
541,0.5778500437736511,0.4221499543637037
542,0.610769584774971,0.38923041336238384
543,0.5610899403691292,0.4389100596308708
544,0.5884711667895317,0.41152884252369404
545,0.5774724334478378,0.42252757027745247
546,0.35766982939094305,0.642330177128315
547,0.4092305414378643,0.5907694697380066
548,0.4668935239315033,0.5331064872443676
549,0.38415454514324665,0.6158454641699791
550,0.39083443582057953,0.6091655641794205
551,0.40837874449789524,0.5916212722659111
552,0.5547571182250977,0.44524288922548294
553,0.49736329168081284,0.5026367157697678
554,0.5477221459150314,0.45227786153554916
555,0.44882288202643394,0.5511771328747272
556,0.5726762190461159,0.427323792129755
557,0.37962684966623783,0.6203731447458267
558,0.6856293976306915,0.3143706254195422
559,0.5255290009081364,0.47447099909186363
560,0.5456307008862495,0.45436931774020195
561,0.446374848484993,0.5536251589655876
562,0.5682347938418388,0.43176520615816116
563,0.5500849075615406,0.4499151110649109
564,0.3678268985822797,0.6321731209754944
565,0.5419803000986576,0.4580197148025036
566,0.5817456766963005,0.41825433634221554
567,0.6224950551986694,0.3775049541145563
568,0.5968123897910118,0.4031876102089882
569,0.585515521466732,0.41448449715971947
570,0.4194362461566925,0.5805637687444687
571,0.4234588257968426,0.5765411928296089
572,0.4158298410475254,0.5841701552271843
573,0.3689537774771452,0.6310462281107903
574,0.4725775197148323,0.5274224914610386
575,0.5911971405148506,0.4088028743863106
576,0.521480243653059,0.4785197675228119
577,0.4338877387344837,0.5661122798919678
578,0.46020155772566795,0.5397984609007835
579,0.5812116786837578,0.4187883287668228
580,0.5319869630038738,0.46801304444670677
581,0.4416034631431103,0.5583965554833412
582,0.350469509139657,0.6495305001735687
583,0.5346491262316704,0.4653508700430393
584,0.6228271052241325,0.37717289477586746
585,0.42002513259649277,0.5799748748540878
586,0.6033970266580582,0.3966029901057482
587,0.5494110584259033,0.4505889527499676
588,0.4811057969927788,0.5188942104578018
589,0.33319817669689655,0.6668018251657486
590,0.6057592183351517,0.3942408002912998
591,0.5913600325584412,0.40863998979330063
592,0.3054347906727344,0.6945652216672897
593,0.6176862120628357,0.3823137879371643
594,0.5982417091727257,0.4017582945525646
595,0.6046148464083672,0.3953851666301489
596,0.5676524266600609,0.4323475882411003
597,0.6070612668991089,0.3929387293756008
598,0.3130214982666075,0.6869785115122795
599,0.5436893403530121,0.4563106633722782
600,0.5694756358861923,0.4305243734270334
601,0.5674827769398689,0.43251724913716316
602,0.4513743929564953,0.548625610768795
603,0.3750540819019079,0.6249459236860275
604,0.6100290864706039,0.3899709302932024
605,0.5841969102621078,0.41580309718847275
606,0.4470047540962696,0.5529952496290207
607,0.5242829546332359,0.47571706026792526
608,0.35070808324962854,0.6492919102311134
609,0.4712393023073673,0.5287607088685036
610,0.5873901024460793,0.4126099180430174
611,0.6000526249408722,0.3999473787844181
612,0.5757588446140289,0.4242411535233259
613,0.5463839620351791,0.45361603423953056
614,0.4131502602249384,0.5868497490882874
615,0.5821840614080429,0.417815949767828
616,0.47493892535567284,0.5250610858201981
617,0.37389666959643364,0.6261033341288567
618,0.3225472173653543,0.6774527952075005
619,0.48440321162343025,0.51559679210186
620,0.32747748168185353,0.6725225299596786
621,0.4890607260167599,0.5109392926096916
622,0.3793861139565706,0.6206139028072357
623,0.49903375655412674,0.5009662546217442
624,0.364846876822412,0.6351531371474266
625,0.6098979488015175,0.3901020549237728
626,0.5294141210615635,0.4705858938395977
627,0.31971980910748243,0.6802802011370659
628,0.6033153235912323,0.39668466337025166
629,0.5687237530946732,0.43127626553177834
630,0.40829739533364773,0.5917026102542877
631,0.579520083963871,0.4204799309372902
632,0.38224385119974613,0.6177561581134796
633,0.433092150837183,0.5669078677892685
634,0.40877797082066536,0.5912220329046249
635,0.5996439382433891,0.4003560710698366
636,0.5724714770913124,0.42752853594720364
637,0.5837660729885101,0.41623393446207047
638,0.45401036366820335,0.5459896326065063
639,0.5013347789645195,0.4986652247607708
640,0.5941412597894669,0.4058587569743395
641,0.5691598132252693,0.4308401942253113
642,0.42002513259649277,0.5799748748540878
643,0.46966687589883804,0.5303331352770329
644,0.5630768910050392,0.4369231164455414
645,0.48394306749105453,0.5160569362342358
646,0.45871952548623085,0.5412804819643497
647,0.40979116782546043,0.5902088284492493
648,0.48727041855454445,0.5127295851707458
649,0.4882560893893242,0.5117439180612564
650,0.5838673710823059,0.4161326289176941
651,0.6161339953541756,0.38386601209640503
652,0.5685083866119385,0.4314916282892227
653,0.5719937309622765,0.42800628393888474
654,0.5872990414500237,0.41270098090171814
655,0.46438338980078697,0.5356166176497936
656,0.5472901202738285,0.4527098909020424
657,0.5444370247423649,0.4555629752576351
658,0.4179190043359995,0.5820810049772263
659,0.619706280529499,0.3802937250584364
660,0.5640757083892822,0.43592431396245956
661,0.6372525691986084,0.3627474457025528
662,0.48445839807391167,0.5155416093766689
663,0.3504617512226105,0.6495382562279701
664,0.5834324136376381,0.4165676161646843
665,0.6220690235495567,0.3779310006648302
666,0.31793290097266436,0.6820671185851097
667,0.6197350174188614,0.3802649974822998
668,0.6012995392084122,0.3987004663795233
669,0.5841425880789757,0.41585741750895977
670,0.5788397789001465,0.4211602360010147
671,0.3398029049858451,0.6601971164345741
672,0.4550684913992882,0.5449315384030342
673,0.49452808126807213,0.5054719336330891
674,0.5831683054566383,0.41683171316981316
675,0.6057115271687508,0.39428849518299103
676,0.5765520483255386,0.42344797030091286
677,0.6075610518455505,0.39243896305561066
678,0.36595927737653255,0.6340407282114029
679,0.45862921327352524,0.5413707979023457
680,0.4273166209459305,0.5726833939552307
681,0.6189188584685326,0.38108115643262863
682,0.3471021745353937,0.652897834777832
683,0.5164594911038876,0.48354051634669304
684,0.6043106988072395,0.3956893067806959
685,0.3528379714116454,0.6471620425581932
686,0.49212562665343285,0.5078743733465672
687,0.5763605758547783,0.4236394390463829
688,0.4600851237773895,0.5399148762226105
689,0.4656417518854141,0.5343582443892956
690,0.5509921945631504,0.4490078091621399
691,0.4333159700036049,0.5666840299963951
692,0.3101554389577359,0.6898445710539818
693,0.5013253800570965,0.4986746236681938
694,0.6593642234802246,0.34063579561188817
695,0.5892397165298462,0.41076028160750866
696,0.4380531385540962,0.5619468837976456
697,0.4342886731028557,0.5657113343477249
698,0.3602366363629699,0.6397633701562881
699,0.6145769283175468,0.38542308285832405
700,0.5814917981624603,0.4185082148760557
701,0.5579482465982437,0.4420517720282078
702,0.438912957906723,0.5610870346426964
703,0.6194097250699997,0.38059029914438725
704,0.5781557708978653,0.42184424214065075
705,0.34691689256578684,0.6530831083655357
706,0.35374097619205713,0.6462590396404266
707,0.45184021070599556,0.5481597855687141
708,0.3215580675750971,0.6784419268369675
709,0.5314493030309677,0.4685507044196129
710,0.5867961943149567,0.41320381686091423
711,0.4315386824309826,0.5684613510966301
712,0.6008480563759804,0.3991519585251808
713,0.5633315965533257,0.43666842207312584
714,0.6155919060111046,0.38440810702741146
715,0.3576256241649389,0.6423743814229965
716,0.5884011536836624,0.41159885562956333
717,0.5649707764387131,0.43502921983599663
718,0.4650019519031048,0.5349980592727661
719,0.5831317752599716,0.4168682377785444
720,0.6070079356431961,0.3929920680820942
721,0.5663947910070419,0.43360520526766777
722,0.5346731320023537,0.4653268791735172
723,0.5024102032184601,0.4975898042321205
724,0.5868746861815453,0.41312532871961594
725,0.5497291646897793,0.4502708464860916
726,0.5042722634971142,0.495727751404047
727,0.4805694743990898,0.5194305405020714
728,0.4752073287963867,0.5247926786541939
729,0.656401664018631,0.3435983397066593
730,0.5146731622517109,0.4853268451988697
731,0.348194845020771,0.6518051773309708
732,0.5879488885402679,0.41205110400915146
733,0.5209154225885868,0.4790845848619938
734,0.4669239856302738,0.5330760255455971
735,0.5554563105106354,0.4445437043905258
736,0.5561235919594765,0.44387640804052353
737,0.5466446839272976,0.4533553160727024
738,0.48593171313405037,0.5140682831406593
739,0.49932435527443886,0.5006756447255611
740,0.3719128780066967,0.6280871406197548
741,0.4840354323387146,0.5159645713865757
742,0.5648132711648941,0.4351867437362671
743,0.4270959757268429,0.572904035449028
744,0.4672229439020157,0.5327770784497261
745,0.5720310434699059,0.42796896770596504
746,0.6370322555303574,0.36296777334064245
747,0.5867827385663986,0.4132172707468271
748,0.35166457388550043,0.6483354419469833
749,0.4305962733924389,0.5694037303328514
750,0.49393749237060547,0.5060625113546848
751,0.46972276270389557,0.5302772410213947
752,0.5665941387414932,0.43340587615966797
753,0.5376391969621181,0.46236081421375275
754,0.5238975360989571,0.47610247880220413
755,0.5176786966621876,0.482321310788393
756,0.5164002850651741,0.4835997223854065
757,0.6238736659288406,0.3761263508349657
758,0.5723341330885887,0.4276658855378628
759,0.5567037761211395,0.44329622760415077
760,0.5699897333979607,0.43001028895378113
761,0.4539802186191082,0.5460197813808918
762,0.5873751193284988,0.41262490302324295
763,0.4147697351872921,0.5852302685379982
764,0.5784137025475502,0.4215863160789013
765,0.5501781851053238,0.4498218297958374
766,0.3992036674171686,0.6007963418960571
767,0.45014026015996933,0.5498597584664822
768,0.50190794095397,0.49809206277132034
769,0.37548997811973095,0.6245100349187851
770,0.528911117464304,0.4710888937115669
771,0.3189871311187744,0.6810128837823868
772,0.339039103128016,0.6609609201550484
773,0.5985580161213875,0.40144200064241886
774,0.3253980288282037,0.6746019721031189
775,0.5906254947185516,0.4093745145946741
776,0.41937463730573654,0.5806253775954247
777,0.3498033881187439,0.6501966193318367
778,0.5913790240883827,0.4086209926754236
779,0.4926876425743103,0.5073123723268509
780,0.45572635531425476,0.5442736372351646
781,0.3276183493435383,0.672381654381752
782,0.4533029831945896,0.5466970317065716
783,0.4164674375206232,0.5835325717926025
784,0.457080390304327,0.5429196171462536
785,0.5537455454468727,0.4462544582784176
786,0.36607937328517437,0.6339206323027611
787,0.4474651478230953,0.552534855902195
788,0.45825182273983955,0.5417481884360313
789,0.5180904567241669,0.4819095507264137
790,0.43671873584389687,0.5632812529802322
791,0.5813914388418198,0.418608583509922
792,0.5526026636362076,0.4473973400890827
793,0.5395519249141216,0.46044808626174927
794,0.4758257791399956,0.5241742357611656
795,0.6054035648703575,0.3945964388549328
796,0.4616163298487663,0.538383673876524
797,0.4039576891809702,0.5960423201322556
798,0.5607665255665779,0.4392334818840027
799,0.5654051750898361,0.4345948286354542
800,0.30264098523184657,0.6973590403795242
801,0.4764118641614914,0.5235881507396698
802,0.4472569487988949,0.552743062376976
803,0.4808650128543377,0.5191349945962429
804,0.4278123863041401,0.5721876174211502
805,0.4300052300095558,0.5699947774410248
806,0.3558522406965494,0.6441477686166763
807,0.5578015670180321,0.4421984478831291
808,0.37516812421381474,0.6248318776488304
809,0.3542059902101755,0.6457940191030502
810,0.48824672773480415,0.5117532759904861
811,0.42754421569406986,0.5724557936191559
812,0.5907027646899223,0.4092972371727228
813,0.6109000667929649,0.38909992203116417
814,0.48735346645116806,0.5126465521752834
815,0.33100743032991886,0.6689925789833069
816,0.5864653065800667,0.4135347045958042
817,0.5871338471770287,0.41286615654826164
818,0.46421243250370026,0.5357875674962997
819,0.5890222042798996,0.41097780503332615
820,0.6134650409221649,0.386534983292222
821,0.5976636335253716,0.4023363720625639
822,0.642566554248333,0.3574334532022476
823,0.5384054705500603,0.4615945406258106
824,0.5846564248204231,0.4153435882180929
825,0.42324923910200596,0.5767507702112198
826,0.4678472466766834,0.5321527570486069
827,0.3483589878305793,0.6516410261392593
828,0.4500950388610363,0.5499049685895443
829,0.4681778699159622,0.5318221487104893
830,0.626370832324028,0.37362917698919773
831,0.3930829130113125,0.6069170981645584
832,0.42838994786143303,0.5716100558638573
833,0.5869709625840187,0.4130290374159813
834,0.6219575479626656,0.3780424576252699
835,0.5566613227128983,0.44333868846297264
836,0.6163133606314659,0.383686650544405
837,0.46577945724129677,0.5342205539345741
838,0.4125404339283705,0.5874595567584038
839,0.385174049064517,0.6148259714245796
840,0.5656559355556965,0.4343440718948841
841,0.6526363864541054,0.34736363496631384
842,0.4718346893787384,0.5281653143465519
843,0.4712255336344242,0.528774481266737
844,0.6189815551042557,0.38101845048367977
845,0.5959816575050354,0.40401835553348064
846,0.5524627789855003,0.44753723591566086
847,0.6472624838352203,0.352737532928586
848,0.4917536564171314,0.5082463510334492
849,0.3801300451159477,0.6198699623346329
850,0.6123721972107887,0.387627812102437
851,0.5805549249053001,0.41944509372115135
852,0.517061609774828,0.48293840140104294
853,0.6151764020323753,0.38482360541820526
854,0.587940625846386,0.41205938905477524
855,0.5049211159348488,0.4950788952410221
856,0.44805268570780754,0.5519473254680634
857,0.4314865730702877,0.5685134306550026
858,0.31236247066408396,0.6876375377178192
859,0.43672551587224007,0.5632744953036308
860,0.4697168469429016,0.5302831679582596
861,0.568934865295887,0.431065134704113
862,0.4831583648920059,0.5168416425585747
863,0.467605646699667,0.5323943719267845
864,0.6312454491853714,0.36875455267727375
865,0.602529264986515,0.39747074991464615
866,0.5835883468389511,0.41641166619956493
867,0.6120817363262177,0.38791827857494354
868,0.5525825396180153,0.4474174827337265
869,0.6480658054351807,0.35193419829010963
870,0.43528708443045616,0.5647129192948341
871,0.603607103228569,0.39639290049672127
872,0.5842442736029625,0.41575572825968266
873,0.45356228575110435,0.5464377254247665
874,0.4314988851547241,0.5685011297464371
875,0.6182221919298172,0.3817778117954731
876,0.6048283353447914,0.39517165906727314
877,0.3226457345299423,0.6773542836308479
878,0.5678987130522728,0.4321013055741787
879,0.363069836050272,0.6369301751255989
880,0.6251966431736946,0.37480338104069233
881,0.4035800602287054,0.5964199528098106
882,0.3866470716893673,0.6133529394865036
883,0.4546036757528782,0.5453963242471218
884,0.5578008070588112,0.4421991966664791
885,0.4413725882768631,0.5586274340748787
886,0.36904013715684414,0.6309598758816719
887,0.4105433188378811,0.5894566923379898
888,0.6059379652142525,0.3940620385110378
889,0.42458435520529747,0.5754156485199928
890,0.39297689497470856,0.6070231199264526
891,0.3546338491141796,0.6453661546111107
892,0.5763490423560143,0.42365097627043724
893,0.4065525159239769,0.5934474840760231
894,0.5120532661676407,0.4879467375576496
895,0.3624192224815488,0.6375807821750641
896,0.5874287411570549,0.4125712551176548
897,0.3731341268867254,0.6268658861517906
898,0.5870650708675385,0.4129349384456873
899,0.4682117737829685,0.5317882262170315
900,0.5736762806773186,0.4263237249106169
901,0.34699234645813704,0.6530076637864113
902,0.48727041855454445,0.5127295851707458
903,0.3186622392386198,0.6813377812504768
904,0.42396857775747776,0.5760314464569092
905,0.46905963122844696,0.5309403836727142
906,0.5258886776864529,0.4741113409399986
907,0.32312364550307393,0.6768763586878777
908,0.5877071171998978,0.4122928958386183
909,0.4300050251185894,0.5699949786067009
910,0.5537324845790863,0.4462675265967846
911,0.5883224010467529,0.4116776119917631
912,0.382068557664752,0.6179314479231834
913,0.46081797406077385,0.5391820333898067
914,0.44338590651750565,0.556614100933075
915,0.5311172306537628,0.4688827879726887
916,0.5739659443497658,0.4260340668261051
917,0.44011129066348076,0.5598887130618095
918,0.5987967774271965,0.4012032300233841
919,0.47340210154652596,0.5265979059040546
920,0.3815972525626421,0.6184027418494225
921,0.6045310571789742,0.3954689558595419
922,0.34100980777293444,0.658990204334259
923,0.4229803141206503,0.5770196914672852
924,0.5388858057558537,0.46111420914530754
925,0.5580071583390236,0.4419928640127182
926,0.5174737200140953,0.4825262874364853
927,0.423738319426775,0.5762616917490959
928,0.5918866619467735,0.40811335295438766
929,0.5829725787043571,0.41702743247151375
930,0.43197518959641457,0.5680248215794563
931,0.5653625205159187,0.43463748693466187
932,0.5721870437264442,0.42781297862529755
933,0.46614378690719604,0.5338562279939651
934,0.6007859632372856,0.3992140330374241
935,0.6041519045829773,0.3958481065928936
936,0.5887122452259064,0.4112877640873194
937,0.4231733735650778,0.5768266394734383
938,0.5944614112377167,0.4055385887622833
939,0.541003804653883,0.4589961916208267
940,0.35429368261247873,0.645706333220005
941,0.5872116461396217,0.4127883482724428
942,0.5867848917841911,0.4132151249796152
943,0.4861471876502037,0.5138528309762478
944,0.35273358784615993,0.6472664326429367
945,0.34812064561992884,0.6518793627619743
946,0.4582231678068638,0.5417768433690071
947,0.44534311071038246,0.5546569004654884
948,0.5795679092407227,0.4204320926219225
949,0.6092123985290527,0.390787610784173
950,0.5760750398039818,0.42392496950924397
951,0.5133122131228447,0.4866877906024456
952,0.40862443670630455,0.5913755670189857
953,0.4111282881349325,0.5888717323541641
954,0.45995285362005234,0.5400471538305283
955,0.6115892976522446,0.38841070607304573
956,0.626305989921093,0.37369402311742306
957,0.3603250775486231,0.6396749317646027
958,0.35994515009224415,0.6400548741221428
959,0.4387250207364559,0.5612749829888344
960,0.5062869153916836,0.4937130846083164
961,0.6379902884364128,0.3620097301900387
962,0.5704764276742935,0.4295235835015774
963,0.6156221032142639,0.38437790982425213
964,0.4184908475726843,0.5815091654658318
965,0.4249977432191372,0.5750022530555725
966,0.5559892952442169,0.444010715931654
967,0.49021536111831665,0.5097846426069736
968,0.49847257137298584,0.5015274323523045
969,0.32750358805060387,0.6724964156746864
970,0.5999245047569275,0.4000755064189434
971,0.5049046911299229,0.4950953274965286
972,0.5699078142642975,0.4300921969115734
973,0.3765809331089258,0.6234190762042999
974,0.3346034297719598,0.665396586060524
975,0.4230192266404629,0.576980784535408
976,0.5959845334291458,0.40401546843349934
977,0.6202848255634308,0.3797151893377304
978,0.6045327335596085,0.3954672869294882
979,0.5383594334125519,0.4616405889391899
980,0.47176745533943176,0.5282325521111488
981,0.46118196845054626,0.538818035274744
982,0.4131245817989111,0.586875431239605
983,0.5892418250441551,0.4107581861317158
984,0.39025052450597286,0.6097494885325432
985,0.6176781803369522,0.38232182525098324
986,0.5907395482063293,0.4092604573816061
987,0.4538074694573879,0.5461925379931927
988,0.3400543201714754,0.6599456816911697
989,0.42170680686831474,0.5782931968569756
990,0.378917234018445,0.6210827678442001
991,0.4288981594145298,0.5711018368601799
992,0.5753666758537292,0.4246333334594965
993,0.4711698740720749,0.5288301259279251
994,0.5681459233164787,0.43185408413410187
995,0.5249715857207775,0.4750284217298031
996,0.42859997600317,0.5714000314474106
997,0.4027154967188835,0.5972845181822777
998,0.5528064295649529,0.44719357788562775
999,0.3501553852111101,0.649844616651535
1000,0.5845342427492142,0.4154657609760761
1001,0.5566271618008614,0.44337285310029984
1002,0.5171856097877026,0.48281440138816833
1003,0.4646575525403023,0.535342451184988
1004,0.5839670524001122,0.41603296250104904
1005,0.34689141623675823,0.6531085893511772
1006,0.44962703436613083,0.5503729656338692
1007,0.43691716343164444,0.5630828514695168
1008,0.5982379242777824,0.4017620738595724
1009,0.6656100526452065,0.33438996877521276
1010,0.5443007685244083,0.45569922775030136
1011,0.46499698981642723,0.535003025084734
1012,0.326087839435786,0.6739121600985527
1013,0.4834446310997009,0.5165553912520409
1014,0.6090216264128685,0.3909783959388733
1015,0.5913600325584412,0.40863998979330063
1016,0.551823303103447,0.44817670434713364
1017,0.5875605195760727,0.41243948973715305
1018,0.43345747143030167,0.5665425434708595
1019,0.4678116664290428,0.5321883298456669
1020,0.41779970936477184,0.5822003036737442
1021,0.37189766950905323,0.6281023472547531
1022,0.40771900303661823,0.5922809988260269
1023,0.5003053583204746,0.49969465658068657
1024,0.45730530470609665,0.5426947064697742
1025,0.455792672932148,0.5442073345184326
1026,0.5381646268069744,0.4618353806436062
1027,0.47605425864458084,0.5239457488059998
1028,0.6090890616178513,0.3909109439700842
1029,0.5123550295829773,0.4876449815928936
1030,0.5145126171410084,0.4854874014854431
1031,0.3942678663879633,0.6057321354746819
1032,0.6145310923457146,0.38546891137957573
1033,0.4671262316405773,0.532873772084713
1034,0.5953482761979103,0.4046517387032509
1035,0.4622054696083069,0.5377945490181446
1036,0.593577429652214,0.4064225908368826
1037,0.5321176126599312,0.4678823985159397
1038,0.6190110072493553,0.3809890076518059
1039,0.525749359279871,0.4742506481707096
1040,0.6326766461133957,0.3673233585432172
1041,0.48517780750989914,0.5148222111165524
1042,0.416393019258976,0.5836069956421852
1043,0.5939381867647171,0.40606181882321835
1044,0.33610447868704796,0.6638955250382423
1045,0.3986377567052841,0.6013622507452965
1046,0.6308407112956047,0.36915929056704044
1047,0.5006046034395695,0.4993954040110111
1048,0.451907642185688,0.5480923689901829
1049,0.6356653496623039,0.3643346596509218
1050,0.3222734723240137,0.6777265444397926
1051,0.37442739121615887,0.6255726143717766
1052,0.5882867947220802,0.41171321645379066
1053,0.5945524424314499,0.405447568744421
1054,0.4048144333064556,0.5951855704188347
1055,0.3375510321930051,0.6624489799141884
1056,0.4626609943807125,0.5373390056192875
1057,0.5364201925694942,0.46357982605695724
1058,0.4340866506099701,0.5659133568406105
1059,0.49497416242957115,0.5050258487462997
1060,0.6121363863348961,0.3878636211156845
1061,0.5939769372344017,0.40602307207882404
1062,0.351778170093894,0.6482218280434608
1063,0.4702235199511051,0.5297764800488949
1064,0.5174024328589439,0.48259757086634636
1065,0.587735965847969,0.41226404532790184
1066,0.4608929418027401,0.5391070805490017
1067,0.5319588370621204,0.46804117411375046
1068,0.5545128062367439,0.44548720493912697
1069,0.6053339391946793,0.39466607570648193
1070,0.5927217453718185,0.40727825835347176
1071,0.44471631944179535,0.5552836954593658
1072,0.5625214502215385,0.43747856095433235
1073,0.6108955219388008,0.3891044817864895
1074,0.6125265955924988,0.38747341372072697
1075,0.5706127658486366,0.42938726022839546
1076,0.5129918083548546,0.4870081953704357
1077,0.553372610360384,0.4466274008154869
1078,0.3361145369708538,0.6638854667544365
1079,0.43662065640091896,0.5633793547749519
1080,0.5347465798258781,0.46525343134999275
1081,0.580204151570797,0.4197958633303642
1082,0.5943128690123558,0.4056871384382248
1083,0.5840247347950935,0.41597527638077736
1084,0.6211182177066803,0.37888179533183575
1085,0.5210618637502193,0.47893814742565155
1086,0.5678761675953865,0.4321238324046135
1087,0.5777841433882713,0.42221586778759956
1088,0.5437015295028687,0.45629848167300224
1089,0.3965732678771019,0.6034267246723175
1090,0.5446522533893585,0.4553477540612221
1091,0.48040784150362015,0.5195921547710896
1092,0.4306819252669811,0.5693180784583092
1093,0.6747642606496811,0.3252357377205044
1094,0.5838311091065407,0.41616889648139477
1095,0.31228520232252777,0.6877148225903511
1096,0.3702403660863638,0.6297596320509911
1097,0.4412408024072647,0.5587592124938965
1098,0.42675559781491756,0.5732444152235985
1099,0.5566619336605072,0.4433380737900734
1100,0.6191283017396927,0.38087171502411366
1101,0.5203606374561787,0.47963937744498253
1102,0.45970769599080086,0.5402923040091991
1103,0.6026021167635918,0.39739788696169853
1104,0.5388721004128456,0.4611279107630253
1105,0.42558389715850353,0.5744161158800125
1106,0.5153180807828903,0.4846819192171097
1107,0.4715012423694134,0.5284987539052963
1108,0.44973497465252876,0.5502650365233421
1109,0.6058897525072098,0.3941102586686611
1110,0.5198360718786716,0.48016393557190895
1111,0.42519900016486645,0.574801005423069
1112,0.5902829617261887,0.40971704572439194
1113,0.46522562578320503,0.5347743853926659
1114,0.40990800224244595,0.5900920107960701
1115,0.6334706395864487,0.36652936041355133
1116,0.538350485265255,0.4616495370864868
1117,0.5787027552723885,0.4212972577661276
1118,0.4294697642326355,0.5705302283167839
1119,0.5972709283232689,0.4027290791273117
1120,0.5805038288235664,0.4194961804896593
1121,0.5603019669651985,0.4396980442106724
1122,0.6173965781927109,0.3826034404337406
1123,0.5869458839297295,0.41305411979556084
1124,0.4654110409319401,0.5345889702439308
1125,0.42024514824151993,0.5797548592090607
1126,0.4495856836438179,0.5504143163561821
1127,0.4327865205705166,0.5672134906053543
1128,0.46209754794836044,0.5379024557769299
1129,0.6149864345788956,0.3850135765969753
1130,0.45299317315220833,0.5470068454742432
1131,0.5632834658026695,0.43671654537320137
1132,0.540433008223772,0.45956699922680855
1133,0.4556656554341316,0.5443343371152878
1134,0.5899357199668884,0.41006429120898247
1135,0.5670436546206474,0.432956337928772
1136,0.6008303835988045,0.3991696313023567
1137,0.42675111815333366,0.5732488855719566
1138,0.6137192025780678,0.3862808085978031
1139,0.4408406987786293,0.5591593012213707
1140,0.5971323251724243,0.40286768414080143
1141,0.4656490795314312,0.5343509167432785
1142,0.5401732884347439,0.4598267078399658
1143,0.5615969970822334,0.4384029991924763
1144,0.4393882788717747,0.5606117248535156
1145,0.4357648082077503,0.5642352104187012
1146,0.4298689588904381,0.5701310560107231
1147,0.4419834576547146,0.5580165609717369
1148,0.5582146346569061,0.44178536534309387
1149,0.4710859954357147,0.5289140157401562
1150,0.43253691494464874,0.5674631223082542
1151,0.4201279580593109,0.5798720419406891
1152,0.4965728260576725,0.5034271888434887
1153,0.5814028680324554,0.41859713569283485
1154,0.376402173191309,0.6235978379845619
1155,0.45696916431188583,0.5430308505892754
1156,0.42117944173514843,0.5788205787539482
1157,0.5925071612000465,0.40749285370111465
1158,0.3929818458855152,0.6070181652903557
1159,0.5867559239268303,0.41324409656226635
1160,0.59633918851614,0.40366082079708576
1161,0.5531468912959099,0.4468531124293804
1162,0.5724404156208038,0.42755958437919617
1163,0.553502544760704,0.44649746641516685
1164,0.339039103128016,0.6609609201550484
1165,0.4689793065190315,0.5310207046568394
1166,0.564370907843113,0.43562910333275795
1167,0.6158125922083855,0.3841874096542597
1168,0.49121319502592087,0.5087868198752403
1169,0.5238817371428013,0.4761182703077793
1170,0.5904309675097466,0.4095690455287695
1171,0.5372415482997894,0.46275845915079117
1172,0.5907772555947304,0.40922275744378567
1173,0.5992456823587418,0.40075431391596794
1174,0.388859236612916,0.6111407652497292
1175,0.5465859211981297,0.45341407880187035
1176,0.5838982835412025,0.4161017220467329
1177,0.41766507364809513,0.5823349431157112
1178,0.5058302842080593,0.4941697269678116
1179,0.5419548749923706,0.45804513245821
1180,0.46438460052013397,0.5356154106557369
1181,0.5312450528144836,0.46875496581196785
1182,0.3448638543486595,0.6551361605525017
1183,0.5576625019311905,0.4423375129699707
1184,0.6095707640051842,0.3904292434453964
1185,0.5942321866750717,0.4057678282260895
1186,0.46499592810869217,0.535004086792469
1187,0.3103867522440851,0.6896132603287697
1188,0.5878188163042068,0.4121811892837286
1189,0.3443020908161998,0.6556979045271873
1190,0.4057074021548033,0.5942926108837128
1191,0.4732854440808296,0.5267145745456219
1192,0.5355666615068913,0.46443333476781845
1193,0.4510127864778042,0.5489872246980667
1194,0.42354148626327515,0.5764585211873055
1195,0.6257334873080254,0.3742665257304907
1196,0.4246661886572838,0.5753338038921356
1197,0.47395626083016396,0.5260437577962875
1198,0.5196953415870667,0.48030466586351395
1199,0.5809812545776367,0.4190187603235245
1200,0.6481442898511887,0.35185572132468224
1201,0.4802391976118088,0.5197608210146427
1202,0.4457370527088642,0.5542629659175873
1203,0.31037639593705535,0.6896236091852188
1204,0.4908280745148659,0.5091719254851341
1205,0.6198582872748375,0.38014172576367855
1206,0.34279661905020475,0.6572033986449242
1207,0.4384385831654072,0.5615614280104637
1208,0.5631559044122696,0.4368441142141819
1209,0.5277207344770432,0.47227927297353745
1210,0.5939557999372482,0.40604422986507416
1211,0.574961431324482,0.42503858730196953
1212,0.5954658389091492,0.4045341685414314
1213,0.5750571340322495,0.42494286969304085
1214,0.5920986533164978,0.40790136344730854
1215,0.526603676378727,0.47339633479714394
1216,0.5893937945365906,0.4106062240898609
1217,0.3534931158646941,0.6465068906545639
1218,0.5615165382623672,0.43848347291350365
1219,0.5847474411129951,0.41525257006287575
1220,0.6005448028445244,0.39945520646870136
1221,0.5140879452228546,0.4859120696783066
1222,0.572567880153656,0.4274321161210537
1223,0.4151148032397032,0.5848852097988129
1224,0.4900744706392288,0.5099255405366421
1225,0.4688499681651592,0.5311500541865826
1226,0.5450847819447517,0.45491524040699005
1227,0.5690955743193626,0.43090443313121796
1228,0.6163234040141106,0.3836765941232443
1229,0.5571825802326202,0.44281744211912155
1230,0.4404837116599083,0.5595162883400917
1231,0.5207963213324547,0.479203674942255
1232,0.5182379558682442,0.4817620515823364
1233,0.5801259353756905,0.4198740813881159
1234,0.43590255826711655,0.5640974640846252
1235,0.40856436640024185,0.5914356410503387
1236,0.642459399998188,0.3575405925512314
1237,0.4299853555858135,0.5700146406888962
1238,0.4464767165482044,0.5535232797265053
1239,0.45301104709506035,0.5469889752566814
1240,0.5607978329062462,0.4392021633684635
1241,0.5941631495952606,0.405836870893836
1242,0.5434055961668491,0.45659441128373146
1243,0.585089661180973,0.414910351857543
1244,0.5593603178858757,0.4406396970152855
1245,0.4653615653514862,0.5346384458243847
1246,0.5712882354855537,0.42871177196502686
1247,0.5591434314846992,0.44085656479001045
1248,0.658381499350071,0.34161852253600955
1249,0.6337205246090889,0.3662794874981046
1250,0.5353866741061211,0.46461333706974983
1251,0.5440911762416363,0.4559088349342346
1252,0.5793235450983047,0.42067646607756615
1253,0.5554085001349449,0.4445915184915066
1254,0.5077498368918896,0.4922501780092716
1255,0.45289789885282516,0.5471021011471748
1256,0.3945553805679083,0.6054446324706078
1257,0.4383693262934685,0.5616306886076927
1258,0.44382795691490173,0.5561720356345177
1259,0.3497147411108017,0.6502852737903595
1260,0.534449078142643,0.4655509293079376
1261,0.5172108970582485,0.4827891103923321
1262,0.4176684617996216,0.5823315531015396
1263,0.4365663267672062,0.5634336844086647
1264,0.5942841395735741,0.4057158827781677
1265,0.46700839698314667,0.5329916030168533
1266,0.4645671509206295,0.5354328528046608
1267,0.5021482482552528,0.49785175919532776
1268,0.5128226205706596,0.48717738315463066
1269,0.5389405004680157,0.4610595144331455
1270,0.5596067011356354,0.4403933137655258
1271,0.5920624807476997,0.4079375322908163
1272,0.6423019096255302,0.3576980857178569
1273,0.521339938044548,0.47866006195545197
1274,0.5628367140889168,0.4371632970869541
1275,0.4320323243737221,0.5679676830768585
1276,0.5745447501540184,0.4254552610218525
1277,0.43563923239707947,0.5643607750535011
1278,0.4270516373217106,0.5729483515024185
1279,0.4474950022995472,0.5525050163269043
1280,0.4276330843567848,0.5723669230937958
